source_id,target_id,relation_type,score
T1055.011,CWE-1334,related_to,0.46595186
T1053.005,CWE-250,related_to,0.400473
T1156,CWE-506,related_to,0.4329675
T1027.011,CWE-922,related_to,0.42138726
T1557,CWE-523,related_to,0.49997413
T1218.011,CWE-506,related_to,0.41167623
T1613,CWE-1229,related_to,0.4626373
T1143,CWE-1022,related_to,0.45025054
T1132.001,CWE-173,related_to,0.5752679
T1027.009,CWE-506,related_to,0.500403
T1150,CWE-268,related_to,0.4634203
T1556.003,CWE-305,related_to,0.53461945
T1056.001,CWE-523,related_to,0.4465828
T1564.012,CWE-424,related_to,0.529514
T1222.002,CWE-281,related_to,0.46717045
T1110.001,CWE-798,related_to,0.45359826
T1003,CWE-523,related_to,0.5294537
T1129,CWE-1047,related_to,0.47105446
T1561.002,CWE-1266,related_to,0.44069585
T1492,CWE-202,related_to,0.49711674
T1574.007,CWE-424,related_to,0.4779867
T1006,CWE-515,related_to,0.42075467
T1044,CWE-281,related_to,0.5467056
T1588.007,CWE-1229,related_to,0.41239682
T1666,CWE-99,related_to,0.4250068
T1027.013,CWE-318,related_to,0.42748123
T1590.005,CWE-1327,related_to,0.4041599
T1014,CWE-506,related_to,0.4004248
T1590.002,CWE-350,related_to,0.57818264
T1514,CWE-250,related_to,0.5547346
T1543,CWE-250,related_to,0.48362193
T1109,CWE-1334,related_to,0.44961435
T1539,CWE-614,related_to,0.4697338
T1053.007,CWE-1193,related_to,0.43561637
T1036.007,CWE-646,related_to,0.4913646
T1548.002,CWE-269,related_to,0.52349025
T1099,CWE-385,related_to,0.42154202
T1548.003,CWE-250,related_to,0.426526
T1578,CWE-733,related_to,0.43993866
T1584.008,CWE-1051,related_to,0.41753635
T1583.008,CWE-1229,related_to,0.43030906
T1069,CWE-281,related_to,0.41787153
T1003.002,CWE-522,related_to,0.46119916
T1542.001,CWE-1277,related_to,0.47337562
T1574.011,CWE-280,related_to,0.44566813
T1596.001,CWE-350,related_to,0.5376041
T1195.001,CWE-487,related_to,0.40131158
T1561,CWE-1266,related_to,0.41644853
T1071.004,CWE-350,related_to,0.4185547
T1555.002,CWE-523,related_to,0.5404679
T1542.003,CWE-1334,related_to,0.40308264
T1116,CWE-1291,related_to,0.4907324
T1036.005,CWE-99,related_to,0.45042723
T1565.001,CWE-202,related_to,0.4963715
T1110.002,CWE-640,related_to,0.45242876
T1555.001,CWE-798,related_to,0.40873194
T1003.004,CWE-523,related_to,0.518053
T1600,CWE-326,related_to,0.6033123
T1606.002,CWE-523,related_to,0.4079098
T1192,CWE-363,related_to,0.45273083
T1036.008,CWE-434,related_to,0.4037876
T1587.001,CWE-506,related_to,0.4546411
T1121,CWE-625,related_to,0.425343
T1652,CWE-67,related_to,0.40733188
T1206,CWE-266,related_to,0.4035196
T1559.002,CWE-1057,related_to,0.40401775
T1204.002,CWE-506,related_to,0.54455626
T1592.001,CWE-1278,related_to,0.5187741
T1484.002,CWE-501,related_to,0.48039773
T1573.001,CWE-325,related_to,0.47691488
T1167,CWE-523,related_to,0.54421365
T1527,CWE-1270,related_to,0.49891514
T1562.009,CWE-1274,related_to,0.40891027
T1543.003,CWE-270,related_to,0.41762733
T1497.001,CWE-358,related_to,0.44170743
T1053.003,CWE-250,related_to,0.47228232
T1566.002,CWE-363,related_to,0.43826798
T1070.002,CWE-542,related_to,0.41061738
T1098.003,CWE-268,related_to,0.45352527
T1547.012,CWE-1252,related_to,0.43698552
T1089,CWE-733,related_to,0.49087557
T1487,CWE-1266,related_to,0.44272226
T1214,CWE-1392,related_to,0.47772986
T1574.001,CWE-267,related_to,0.44328496
T1003.007,CWE-523,related_to,0.48162755
T1555.005,CWE-260,related_to,0.44121492
T1103,CWE-268,related_to,0.40478492
T1553.001,CWE-288,related_to,0.42560706
T1040,CWE-523,related_to,0.4459805
T1017,CWE-1249,related_to,0.43105826
T1553.002,CWE-1291,related_to,0.4880962
T1565.003,CWE-202,related_to,0.44394803
T1552.002,CWE-1392,related_to,0.47341847
T1120,CWE-67,related_to,0.40322635
T1587.002,CWE-1291,related_to,0.4531047
T1222.001,CWE-281,related_to,0.4735144
T1098.006,CWE-268,related_to,0.4250243
T1218.007,CWE-1429,related_to,0.43393713
T1590.003,CWE-1357,related_to,0.46641767
T1498.002,CWE-408,related_to,0.41519815
T1556.002,CWE-523,related_to,0.43354088
T1195.003,CWE-1248,related_to,0.4114439
T1106,CWE-589,related_to,0.49858063
T1070.007,CWE-1051,related_to,0.4045964
T1058,CWE-280,related_to,0.447172
T1584.003,CWE-402,related_to,0.40093186
T1202,CWE-77,related_to,0.4466584
T1024,CWE-301,related_to,0.43068197
T1140,CWE-649,related_to,0.4346788
T1098.007,CWE-268,related_to,0.49097607
T1608.001,CWE-509,related_to,0.41082478
T1558,CWE-523,related_to,0.45003772
T1555,CWE-523,related_to,0.53809494
T1567,CWE-444,related_to,0.4056172
T1583.001,CWE-942,related_to,0.42131612
T1055.003,CWE-250,related_to,0.4883208
T1079,CWE-326,related_to,0.43126613
T1036,CWE-301,related_to,0.40922847
T1546.011,CWE-268,related_to,0.50049305
T1552,CWE-522,related_to,0.6726983
T1070.008,CWE-312,related_to,0.40773538
T1659,CWE-94,related_to,0.47774732
T1055,CWE-1334,related_to,0.5097055
T1205,CWE-1320,related_to,0.42149436
T1503,CWE-1392,related_to,0.4517105
T1218,CWE-506,related_to,0.4643097
T1153,CWE-348,related_to,0.48200777
T1050,CWE-269,related_to,0.40981942
T1557.004,CWE-523,related_to,0.41764495
T1620,CWE-506,related_to,0.457498
T1564.011,CWE-1429,related_to,0.4480464
T1611,CWE-250,related_to,0.44799274
T1547.009,CWE-270,related_to,0.40620056
T1032,CWE-301,related_to,0.44011006
T1497.003,CWE-222,related_to,0.4346509
T1218.002,CWE-497,related_to,0.44508913
T1547.005,CWE-269,related_to,0.4415223
T1036.011,CWE-88,related_to,0.52127236
T1550,CWE-288,related_to,0.48787245
T1597.001,CWE-1421,related_to,0.40642893
T1602.002,CWE-1051,related_to,0.43646634
T1131,CWE-1390,related_to,0.470827
T1181,CWE-1334,related_to,0.4685492
T1562.004,CWE-733,related_to,0.41956684
T1185,CWE-384,related_to,0.4247264
T1556.007,CWE-523,related_to,0.5058325
T1207,CWE-942,related_to,0.4238644
T1553.006,CWE-733,related_to,0.46277952
T1107,CWE-530,related_to,0.41418564
T1145,CWE-523,related_to,0.40800688
T1112,CWE-314,related_to,0.4020457
T1555.003,CWE-1392,related_to,0.4501099
T1574.008,CWE-426,related_to,0.47951254
T1557.003,CWE-290,related_to,0.49465033
T1563,CWE-384,related_to,0.4104152
T1484.001,CWE-269,related_to,0.51681024
T1217,CWE-525,related_to,0.44558918
T1552.004,CWE-523,related_to,0.40188456
T1583.004,CWE-1065,related_to,0.41375738
T1078.001,CWE-1392,related_to,0.49791288
T1547.003,CWE-269,related_to,0.41718933
T1085,CWE-506,related_to,0.4347922
T1546.005,CWE-510,related_to,0.49241877
T1574.006,CWE-506,related_to,0.40605408
T1681,CWE-1067,related_to,0.46263987
T1674,CWE-115,related_to,0.5160687
T1070.001,CWE-542,related_to,0.409023
T1222,CWE-281,related_to,0.5004148
T1053.001,CWE-250,related_to,0.5031361
T1179,CWE-523,related_to,0.46987844
T1027.016,CWE-506,related_to,0.61458063
T1547.011,CWE-268,related_to,0.45673588
T1548,CWE-269,related_to,0.56251496
T1134.002,CWE-1259,related_to,0.5297027
T1548.001,CWE-267,related_to,0.50081056
T1019,CWE-1277,related_to,0.5478402
T1117,CWE-506,related_to,0.4108634
T1110.003,CWE-836,related_to,0.47351667
T1056.003,CWE-294,related_to,0.4968856
T1108,CWE-1334,related_to,0.42265475
T1003.005,CWE-523,related_to,0.45534864
T1098.004,CWE-639,related_to,0.42732424
T1215,CWE-1047,related_to,0.4735055
T1101,CWE-693,related_to,0.41306075
T1546.012,CWE-250,related_to,0.40102422
T1593.002,CWE-1067,related_to,0.40133795
T1548.005,CWE-269,related_to,0.4224718
T1144,CWE-288,related_to,0.43387598
T1045,CWE-506,related_to,0.41005567
T1055.013,CWE-269,related_to,0.46857092
T1016,CWE-1051,related_to,0.50280833
T1593.003,CWE-1080,related_to,0.46555167
T1574.005,CWE-250,related_to,0.49048752
T1546.008,CWE-268,related_to,0.48176673
T1198,CWE-807,related_to,0.40292072
T1090,CWE-441,related_to,0.46854752
T1204.005,CWE-506,related_to,0.55173093
T1564.014,CWE-915,related_to,0.5130428
T1589.003,CWE-224,related_to,0.4621883
T1482,CWE-942,related_to,0.41981196
T1558.001,CWE-523,related_to,0.4248455
T1588.001,CWE-506,related_to,0.46275628
T1027.017,CWE-444,related_to,0.45209303
T1542.002,CWE-1334,related_to,0.45418936
T1048.001,CWE-301,related_to,0.4378411
T1083,CWE-548,related_to,0.47932476
T1055.004,CWE-250,related_to,0.46156287
T1138,CWE-250,related_to,0.47210756
T1647,CWE-538,related_to,0.4332342
T1191,CWE-506,related_to,0.41722032
T1188,CWE-441,related_to,0.41049746
T1649,CWE-523,related_to,0.4640624
T1098.005,CWE-1271,related_to,0.40879405
T1553.005,CWE-86,related_to,0.41571152
T1600.002,CWE-1431,related_to,0.5554992
T1542,CWE-1274,related_to,0.4777383
T1064,CWE-506,related_to,0.49509436
T1055.002,CWE-506,related_to,0.45730802
T1586,CWE-645,related_to,0.43296003
T1562.010,CWE-757,related_to,0.48491412
T1497,CWE-506,related_to,0.41109675
T1552.001,CWE-1392,related_to,0.5190611
T1606.001,CWE-539,related_to,0.5217985
T1654,CWE-779,related_to,0.42141068
T1134.001,CWE-1259,related_to,0.537822
T1567.001,CWE-540,related_to,0.46164295
T1205.001,CWE-294,related_to,0.40066904
T1528,CWE-523,related_to,0.4380272
T1098.001,CWE-522,related_to,0.46909434
T1204,CWE-250,related_to,0.52251923
T1564.002,CWE-224,related_to,0.42465666
T1134.003,CWE-1259,related_to,0.548267
T1552.006,CWE-1273,related_to,0.4622493
T1196,CWE-529,related_to,0.45723122
T1048.002,CWE-301,related_to,0.43554977
T1057,CWE-114,related_to,0.40225804
T1562.003,CWE-533,related_to,0.45875213
T1053.004,CWE-250,related_to,0.40360424
T1556.008,CWE-523,related_to,0.4932762
T1596.004,CWE-350,related_to,0.41939518
T1497.002,CWE-222,related_to,0.42080918
T1141,CWE-523,related_to,0.44003636
T1041,CWE-514,related_to,0.44110617
T1134.004,CWE-290,related_to,0.45042583
T1606,CWE-522,related_to,0.48668444
T1621,CWE-308,related_to,0.55839753
T1554,CWE-509,related_to,0.42259282
T1552.008,CWE-523,related_to,0.411624
T1023,CWE-64,related_to,0.4425438
T1546.001,CWE-276,related_to,0.43769887
T1055.014,CWE-268,related_to,0.46396345
T1679,CWE-223,related_to,0.4098341
T1015,CWE-268,related_to,0.47675595
T1212,CWE-523,related_to,0.5363777
T1546.014,CWE-269,related_to,0.50227356
T1502,CWE-290,related_to,0.45047653
T1142,CWE-798,related_to,0.4199496
T1169,CWE-269,related_to,0.5412303
T1574.010,CWE-281,related_to,0.47860485
T1199,CWE-501,related_to,0.4553611
T1098,CWE-269,related_to,0.5331018
T1048,CWE-301,related_to,0.47939643
T1547.006,CWE-1047,related_to,0.40475103
T1678,CWE-1420,related_to,0.4289734
T1056.002,CWE-294,related_to,0.44677398
T1574.013,CWE-1334,related_to,0.4175597
T1597,CWE-1067,related_to,0.4030957
T1061,CWE-1112,related_to,0.41992056
T1218.001,CWE-506,related_to,0.44752038
T1070.005,CWE-1386,related_to,0.42643872
T1110,CWE-307,related_to,0.47683287
T1059.004,CWE-553,related_to,0.4023697
T1219.003,CWE-1233,related_to,0.4386218
T1562.001,CWE-733,related_to,0.46879712
T1565,CWE-202,related_to,0.51534414
T1559,CWE-114,related_to,0.5238765
T1001,CWE-649,related_to,0.5189235
T1039,CWE-567,related_to,0.46628118
T1601,CWE-497,related_to,0.45286852
T1574,CWE-250,related_to,0.4775285
T1204.003,CWE-506,related_to,0.54731476
T1543.005,CWE-270,related_to,0.41155243
T1078,CWE-522,related_to,0.4758429
T1571,CWE-605,related_to,0.4172632
T1055.012,CWE-214,related_to,0.40375036
T1068,CWE-268,related_to,0.6392849
T1564.009,CWE-99,related_to,0.4859809
T1531,CWE-645,related_to,0.40841302
T1110.004,CWE-523,related_to,0.511609
T1208,CWE-523,related_to,0.474688
T1027,CWE-649,related_to,0.5244377
T1556.006,CWE-308,related_to,0.6009853
T1036.001,CWE-347,related_to,0.53123677
T1154,CWE-510,related_to,0.5340723
T1027.014,CWE-506,related_to,0.5287987
T1201,CWE-262,related_to,0.44753996
T1546,CWE-1420,related_to,0.44338238
T1546.004,CWE-268,related_to,0.41211075
T1187,CWE-287,related_to,0.57402647
T1486,CWE-311,related_to,0.5064906
T1488,CWE-1266,related_to,0.47412652
T1553,CWE-807,related_to,0.5205701
T1548.004,CWE-250,related_to,0.53360605
T1592.003,CWE-1277,related_to,0.54511607
T1573,CWE-514,related_to,0.4768589
T1547.002,CWE-592,related_to,0.47320637
T1002,CWE-409,related_to,0.6023708
T1567.003,CWE-515,related_to,0.4620315
T1081,CWE-1392,related_to,0.5224952
T1056,CWE-294,related_to,0.5244858
T1587.004,CWE-913,related_to,0.4513807
T1546.015,CWE-269,related_to,0.40707722
T1589.001,CWE-1391,related_to,0.5910329
T1195.002,CWE-487,related_to,0.4180664
T1203,CWE-602,related_to,0.488041
T1562.011,CWE-290,related_to,0.515898
T1573.002,CWE-325,related_to,0.42301288
T1567.002,CWE-515,related_to,0.40891767
T1574.009,CWE-424,related_to,0.50550795
T1166,CWE-266,related_to,0.4428959
T1100,CWE-250,related_to,0.44413894
T1075,CWE-759,related_to,0.50530994
T1027.003,CWE-515,related_to,0.43108004
T1001.003,CWE-520,related_to,0.5978005
T1030,CWE-120,related_to,0.45256013
T1550.004,CWE-784,related_to,0.5037803
T1078.002,CWE-942,related_to,0.46931192
T1218.009,CWE-625,related_to,0.46517912
T1034,CWE-424,related_to,0.4041328
T1506,CWE-784,related_to,0.5055179
T1027.004,CWE-733,related_to,0.44390565
T1065,CWE-605,related_to,0.4969403
T1656,CWE-520,related_to,0.63810015
T1578.005,CWE-733,related_to,0.43568367
T1088,CWE-269,related_to,0.54017794
T1494,CWE-202,related_to,0.4450683
T1564.003,CWE-1022,related_to,0.4372484
T1493,CWE-201,related_to,0.5515647
T1127.002,CWE-1022,related_to,0.42121017
T1070.010,CWE-509,related_to,0.44562468
T1132,CWE-173,related_to,0.5743263
T1546.010,CWE-268,related_to,0.40122002
T1598,CWE-222,related_to,0.4167728
T1496,CWE-99,related_to,0.5288281
T1147,CWE-224,related_to,0.44738138
T1556.009,CWE-523,related_to,0.47523186
T1500,CWE-733,related_to,0.4418968
T1555.006,CWE-523,related_to,0.44440922
T1213.003,CWE-1080,related_to,0.41510934
T1565.002,CWE-201,related_to,0.5501256
T1003.008,CWE-798,related_to,0.43429062
T1543.001,CWE-1268,related_to,0.45747715
T1059.003,CWE-553,related_to,0.42055565
T1055.009,CWE-1260,related_to,0.5158065
T1223,CWE-506,related_to,0.46195593
T1650,CWE-1220,related_to,0.4975165
T1558.002,CWE-523,related_to,0.44150716
T1070.009,CWE-1420,related_to,0.41638708
T1555.004,CWE-1273,related_to,0.43912634
T1036.010,CWE-224,related_to,0.47624412
T1519,CWE-269,related_to,0.4703633
T1200,CWE-1256,related_to,0.49429882
T1505,CWE-1065,related_to,0.50850993
T1485,CWE-1266,related_to,0.509859
T1132.002,CWE-173,related_to,0.625469
T1556.001,CWE-1390,related_to,0.48167235
T1027.006,CWE-444,related_to,0.51976085
T1556.005,CWE-523,related_to,0.44875574
T1027.010,CWE-77,related_to,0.4764652
T1022,CWE-311,related_to,0.5429993
T1070.004,CWE-530,related_to,0.4122256
T1158,CWE-552,related_to,0.41864377
T1221,CWE-95,related_to,0.50766236
T1134,CWE-1259,related_to,0.5717816
T1111,CWE-308,related_to,0.5601665
T1027.002,CWE-506,related_to,0.40986228
T1564.005,CWE-515,related_to,0.45972672
T1668,CWE-829,related_to,0.5004955
T1584.004,CWE-1065,related_to,0.42113012
T1672,CWE-290,related_to,0.47759753
T1204.004,CWE-506,related_to,0.5913469
T1151,CWE-46,related_to,0.50362396
T1055.005,CWE-567,related_to,0.44567353
T1622,CWE-489,related_to,0.5114489
T1036.006,CWE-46,related_to,0.5204964
T1547.007,CWE-268,related_to,0.42341864
T1550.002,CWE-760,related_to,0.45965424
T1588.003,CWE-1291,related_to,0.44816315
T1126,CWE-1386,related_to,0.4271247
T1548.006,CWE-269,related_to,0.48039916
T1160,CWE-270,related_to,0.40575948
T1055.008,CWE-267,related_to,0.43260494
T1653,CWE-1304,related_to,0.5096237
T1037.001,CWE-270,related_to,0.41856024
T1055.015,CWE-268,related_to,0.5191913
T1484,CWE-269,related_to,0.44438413
T1220,CWE-80,related_to,0.42007732
T1564.001,CWE-552,related_to,0.44387192
T1173,CWE-1057,related_to,0.41124102
T1003.003,CWE-523,related_to,0.4378611
T1001.002,CWE-515,related_to,0.4163482
T1204.001,CWE-506,related_to,0.5253985
T1550.001,CWE-1270,related_to,0.49216896
T1078.004,CWE-269,related_to,0.4374395
T1008,CWE-941,related_to,0.5021135
T1558.003,CWE-523,related_to,0.4707294
T1003.006,CWE-522,related_to,0.40221584
T1053.002,CWE-250,related_to,0.53584003
T1055.001,CWE-506,related_to,0.48145416
T1588.005,CWE-913,related_to,0.4493526
T1556,CWE-523,related_to,0.51936865
T1546.017,CWE-1268,related_to,0.41701052
T1495,CWE-1277,related_to,0.4831976
T1090.001,CWE-441,related_to,0.45725593
T1216,CWE-506,related_to,0.4637617
T1094,CWE-77,related_to,0.43663055
T1001.001,CWE-1323,related_to,0.45333242
T1043,CWE-605,related_to,0.43654853
T1552.007,CWE-648,related_to,0.42855716
T1584.001,CWE-942,related_to,0.4336863
T1556.004,CWE-1273,related_to,0.47091383
T1561.001,CWE-1266,related_to,0.4741124
T1048.003,CWE-301,related_to,0.48927626
T1027.015,CWE-409,related_to,0.43491697
T1601.002,CWE-1278,related_to,0.41937113
T1078.003,CWE-269,related_to,0.45548713
T1669,CWE-1051,related_to,0.41116983
T1211,CWE-506,related_to,0.4292151
T1127,CWE-423,related_to,0.4686844
T1564.010,CWE-214,related_to,0.49845672
T1077,CWE-1249,related_to,0.41660076
CWE-102,IA-04(03),mitigated_by,0.4198691
CWE-1022,SC-40,mitigated_by,0.43137693
CWE-103,SI-19(07),mitigated_by,0.50405526
CWE-1037,SA-08(31),mitigated_by,0.555384
CWE-1038,SA-08(26),mitigated_by,0.5032587
CWE-1041,PE-09(01),mitigated_by,0.49393708
CWE-1044,SC-03(05),mitigated_by,0.44967017
CWE-1045,AU-16(03),mitigated_by,0.4154537
CWE-1047,SA-08(04),mitigated_by,0.49470067
CWE-1048,SA-04(01),mitigated_by,0.40134004
CWE-105,SI-10,mitigated_by,0.4743406
CWE-1050,SA-02,mitigated_by,0.46123746
CWE-1051,SC-04,mitigated_by,0.4320056
CWE-1053,SA-05,mitigated_by,0.5059179
CWE-1054,CM-04(02),mitigated_by,0.43220317
CWE-1056,SA-04(01),mitigated_by,0.4619595
CWE-1057,AC-24,mitigated_by,0.47187936
CWE-1058,AC-10,mitigated_by,0.42801982
CWE-1059,SA-08(32),mitigated_by,0.6486431
CWE-1060,SA-08(05),mitigated_by,0.44930622
CWE-1063,SA-11(01),mitigated_by,0.42496243
CWE-1064,CM-04(02),mitigated_by,0.40070003
CWE-1065,AU-09(07),mitigated_by,0.46631247
CWE-1068,SA-04(02),mitigated_by,0.44347036
CWE-1069,SC-07(05),mitigated_by,0.44033998
CWE-107,SI-10,mitigated_by,0.45514596
CWE-1072,SC-06,mitigated_by,0.44915903
CWE-1073,AC-03(13),mitigated_by,0.4181667
CWE-1075,AC-04(04),mitigated_by,0.43620834
CWE-1076,SC-18(01),mitigated_by,0.41636357
CWE-1078,SA-05(05),mitigated_by,0.58221686
CWE-1080,SA-05(05),mitigated_by,0.5979647
CWE-1083,SA-04(12),mitigated_by,0.41124547
CWE-1088,AC-17,mitigated_by,0.5156685
CWE-1090,RA-05(05),mitigated_by,0.40215376
CWE-1091,AU-16(03),mitigated_by,0.43793592
CWE-1092,SA-04(02),mitigated_by,0.41008553
CWE-1097,SI-14(02),mitigated_by,0.5215204
CWE-1099,IA-04,mitigated_by,0.57685715
CWE-110,SI-10,mitigated_by,0.4878088
CWE-1100,SC-03,mitigated_by,0.58627164
CWE-1101,SA-11(08),mitigated_by,0.41697705
CWE-1102,AC-04(12),mitigated_by,0.4171722
CWE-1103,SC-27,mitigated_by,0.5919408
CWE-1104,SA-14(01),mitigated_by,0.4787797
CWE-1105,SC-07(21),mitigated_by,0.4265113
CWE-111,CP-12,mitigated_by,0.41142866
CWE-1110,SA-08(32),mitigated_by,0.5858308
CWE-1111,SA-08(32),mitigated_by,0.5154055
CWE-1112,MP-08(01),mitigated_by,0.59955674
CWE-1115,SA-05(05),mitigated_by,0.5673712
CWE-1116,SC-30(04),mitigated_by,0.42943126
CWE-1118,SI-11,mitigated_by,0.70889
CWE-112,AC-04(19),mitigated_by,0.5105186
CWE-1120,SA-08(07),mitigated_by,0.61610866
CWE-1121,SA-08(07),mitigated_by,0.47865188
CWE-1122,SA-08(07),mitigated_by,0.51060426
CWE-1123,SA-08(21),mitigated_by,0.44149017
CWE-1125,SA-15(05),mitigated_by,0.6106804
CWE-1127,AU-05(01),mitigated_by,0.42156652
CWE-114,SR-03,mitigated_by,0.54186285
CWE-115,SI-09,mitigated_by,0.44636703
CWE-1164,SI-03,mitigated_by,0.41135487
CWE-117,AC-06(09),mitigated_by,0.41417557
CWE-1173,AC-04(19),mitigated_by,0.53365815
CWE-1176,SA-08(07),mitigated_by,0.48015064
CWE-1177,SC-43,mitigated_by,0.6125498
CWE-1187,SC-04,mitigated_by,0.45586535
CWE-1188,SA-08(23),mitigated_by,0.5822023
CWE-1189,SC-07(21),mitigated_by,0.52255076
CWE-119,AC-03(01),mitigated_by,0.45010033
CWE-1191,IA-03(04),mitigated_by,0.44310987
CWE-1192,SA-10(03),mitigated_by,0.40032887
CWE-1193,SA-08(26),mitigated_by,0.5056885
CWE-12,SI-11,mitigated_by,0.4041894
CWE-1220,AC-03(03),mitigated_by,0.65134645
CWE-1223,AU-09(01),mitigated_by,0.4402633
CWE-1224,AU-09(01),mitigated_by,0.41068164
CWE-1229,SC-06,mitigated_by,0.47386974
CWE-123,AC-02(11),mitigated_by,0.5028731
CWE-1230,AC-04(06),mitigated_by,0.5646534
CWE-1231,CP-09(04),mitigated_by,0.5121221
CWE-1232,AC-11,mitigated_by,0.4951025
CWE-1233,SC-34(03),mitigated_by,0.5439322
CWE-1234,AC-11,mitigated_by,0.5002322
CWE-1235,SC-18(04),mitigated_by,0.44938865
CWE-1239,SA-10(03),mitigated_by,0.44431272
CWE-1240,AU-09(03),mitigated_by,0.48341918
CWE-1241,SC-30(02),mitigated_by,0.50711876
CWE-1243,CP-09(04),mitigated_by,0.44212353
CWE-1245,SA-10(03),mitigated_by,0.43040076
CWE-1246,AU-09(01),mitigated_by,0.47948897
CWE-1248,SA-10(03),mitigated_by,0.5781075
CWE-1249,SC-02,mitigated_by,0.40310794
CWE-125,AU-09(06),mitigated_by,0.48281628
CWE-1252,AU-09(01),mitigated_by,0.459119
CWE-1255,SA-15(05),mitigated_by,0.43953425
CWE-1256,SC-02(01),mitigated_by,0.51275057
CWE-1257,SI-16,mitigated_by,0.42750674
CWE-1258,PE-19,mitigated_by,0.52086025
CWE-1259,IA-13(02),mitigated_by,0.52438974
CWE-126,AU-09(06),mitigated_by,0.5533729
CWE-1260,SI-16,mitigated_by,0.5885091
CWE-1262,AC-03(03),mitigated_by,0.46700948
CWE-1263,PE-03,mitigated_by,0.69955856
CWE-1264,SC-36(02),mitigated_by,0.5204718
CWE-1266,SI-12(03),mitigated_by,0.5409839
CWE-1267,SC-07(17),mitigated_by,0.41105688
CWE-1269,SI-19(03),mitigated_by,0.64447635
CWE-127,AU-09(06),mitigated_by,0.56226027
CWE-1270,IA-13(02),mitigated_by,0.5796879
CWE-1271,SA-08(23),mitigated_by,0.43090767
CWE-1273,IA-02(06),mitigated_by,0.5523115
CWE-1274,SI-16,mitigated_by,0.4548137
CWE-1277,SI-02(05),mitigated_by,0.5598152
CWE-1278,SC-34(03),mitigated_by,0.46751213
CWE-1279,SC-12,mitigated_by,0.4614071
CWE-128,SI-11,mitigated_by,0.6689915
CWE-1280,AC-24,mitigated_by,0.573324
CWE-1282,AC-19(01),mitigated_by,0.44119582
CWE-1283,IA-03(04),mitigated_by,0.50189924
CWE-1284,SI-10,mitigated_by,0.5472365
CWE-1285,SI-10,mitigated_by,0.44414067
CWE-1286,SI-10,mitigated_by,0.52488005
CWE-1287,SI-10,mitigated_by,0.6133772
CWE-1288,CA-07(05),mitigated_by,0.57296973
CWE-1289,SI-10(05),mitigated_by,0.46901828
CWE-1290,SC-26,mitigated_by,0.53938437
CWE-1292,RA-02,mitigated_by,0.46794486
CWE-1293,AU-06(09),mitigated_by,0.5406811
CWE-1294,IA-04,mitigated_by,0.54510087
CWE-1295,PE-19,mitigated_by,0.4827608
CWE-1297,PS-06(01),mitigated_by,0.46764445
CWE-1298,SA-10(03),mitigated_by,0.50814635
CWE-1299,SC-34(03),mitigated_by,0.5911617
CWE-13,CM-06,mitigated_by,0.40235442
CWE-1300,SC-07(14),mitigated_by,0.49048406
CWE-1301,SC-03(01),mitigated_by,0.49740446
CWE-1302,SC-23(03),mitigated_by,0.42930514
CWE-1303,SC-04,mitigated_by,0.5058475
CWE-1304,SA-10(03),mitigated_by,0.5141803
CWE-1310,SI-02(04),mitigated_by,0.480212
CWE-1311,AC-16,mitigated_by,0.46326593
CWE-1312,PE-13,mitigated_by,0.44756556
CWE-1313,IA-03(04),mitigated_by,0.46528816
CWE-1317,PE-03(08),mitigated_by,0.43020728
CWE-1318,SA-17(02),mitigated_by,0.51509786
CWE-1319,PE-21,mitigated_by,0.5836721
CWE-132,AC-12(02),mitigated_by,0.51909995
CWE-1320,SC-07(09),mitigated_by,0.55289966
CWE-1321,AT-03(01),mitigated_by,0.4126795
CWE-1322,SC-39(02),mitigated_by,0.40631342
CWE-1323,SA-08(22),mitigated_by,0.5504623
CWE-1325,IA-03(03),mitigated_by,0.44492635
CWE-1326,SA-10(04),mitigated_by,0.5367899
CWE-1327,SC-16(03),mitigated_by,0.46963936
CWE-1328,SA-10(05),mitigated_by,0.5106467
CWE-1329,SA-22,mitigated_by,0.41679913
CWE-1330,AC-04(23),mitigated_by,0.44425008
CWE-1331,SC-39,mitigated_by,0.4376048
CWE-1332,SA-12(15),mitigated_by,0.43052444
CWE-1333,SA-08(07),mitigated_by,0.47318396
CWE-1334,CM-07(09),mitigated_by,0.55081314
CWE-1338,SC-34(03),mitigated_by,0.47366834
CWE-134,AU-12(02),mitigated_by,0.5161744
CWE-1341,SI-19(03),mitigated_by,0.4266406
CWE-1342,SC-30(05),mitigated_by,0.43851647
CWE-1357,SA-08(09),mitigated_by,0.69713426
CWE-1384,AT-03(01),mitigated_by,0.5033857
CWE-1390,IA-06,mitigated_by,0.5978803
CWE-1391,IA-02(12),mitigated_by,0.45545593
CWE-1392,SA-08(23),mitigated_by,0.5377175
CWE-1393,SA-08(23),mitigated_by,0.48166293
CWE-1394,SC-28(03),mitigated_by,0.57175004
CWE-1395,SA-08(09),mitigated_by,0.5420065
CWE-14,SA-08(01),mitigated_by,0.45242855
CWE-1419,SA-02,mitigated_by,0.40652445
CWE-1420,IR-09(04),mitigated_by,0.512811
CWE-1421,SA-08(26),mitigated_by,0.44611844
CWE-1422,PE-19,mitigated_by,0.47207588
CWE-1423,SA-08(26),mitigated_by,0.44449428
CWE-1429,SA-10(03),mitigated_by,0.5206965
CWE-1431,SA-10(03),mitigated_by,0.5110648
CWE-15,CM-03,mitigated_by,0.61552143
CWE-157,AC-04(25),mitigated_by,0.47807938
CWE-159,SI-11,mitigated_by,0.45000494
CWE-168,AC-16(07),mitigated_by,0.4576849
CWE-170,AC-12(02),mitigated_by,0.55769217
CWE-172,SC-26,mitigated_by,0.40319914
CWE-173,SC-26,mitigated_by,0.46888754
CWE-174,SC-26,mitigated_by,0.57996887
CWE-175,SC-26,mitigated_by,0.42242616
CWE-178,SC-18(01),mitigated_by,0.4090556
CWE-181,AC-04(26),mitigated_by,0.45943794
CWE-182,AC-04(25),mitigated_by,0.4809365
CWE-183,SI-09,mitigated_by,0.63798076
CWE-184,SI-09,mitigated_by,0.53256744
CWE-188,SI-16,mitigated_by,0.46163613
CWE-193,SI-11,mitigated_by,0.47746146
CWE-20,SI-10,mitigated_by,0.65955496
CWE-200,IR-09(04),mitigated_by,0.7066032
CWE-201,PE-19,mitigated_by,0.49420464
CWE-202,AC-04(25),mitigated_by,0.5452907
CWE-208,SI-10(04),mitigated_by,0.52519023
CWE-209,SI-11,mitigated_by,0.5667999
CWE-210,SI-11,mitigated_by,0.49617907
CWE-211,SI-11,mitigated_by,0.47488004
CWE-212,SI-12(03),mitigated_by,0.59864324
CWE-213,PS-06(01),mitigated_by,0.5267567
CWE-214,SC-39,mitigated_by,0.56808335
CWE-215,SA-11(01),mitigated_by,0.5076964
CWE-217,CP-09(04),mitigated_by,0.473466
CWE-22,SC-11,mitigated_by,0.444095
CWE-221,SC-30(04),mitigated_by,0.6450593
CWE-222,AC-03(05),mitigated_by,0.7403597
CWE-223,AC-03(05),mitigated_by,0.5962176
CWE-224,PS-06(01),mitigated_by,0.5179931
CWE-225,SI-12,mitigated_by,0.492855
CWE-226,SI-12(03),mitigated_by,0.47794908
CWE-229,SC-18(01),mitigated_by,0.41647038
CWE-23,SC-11,mitigated_by,0.48467514
CWE-237,SC-03(05),mitigated_by,0.42315805
CWE-24,SC-11,mitigated_by,0.44286698
CWE-240,AC-16(07),mitigated_by,0.47926843
CWE-241,AC-04(12),mitigated_by,0.49983743
CWE-242,SI-04(19),mitigated_by,0.4093886
CWE-247,SC-20,mitigated_by,0.524321
CWE-249,SC-11,mitigated_by,0.46580616
CWE-25,SC-11,mitigated_by,0.44277874
CWE-250,MA-03(05),mitigated_by,0.75247467
CWE-256,IA-05(18),mitigated_by,0.4893194
CWE-257,IA-05(18),mitigated_by,0.48408997
CWE-258,CM-06,mitigated_by,0.4182312
CWE-259,SI-07(15),mitigated_by,0.55117077
CWE-26,SC-11,mitigated_by,0.45405608
CWE-260,CM-06,mitigated_by,0.4983345
CWE-261,IA-05(04),mitigated_by,0.4502572
CWE-262,IA-05(18),mitigated_by,0.5201382
CWE-263,IA-05(13),mitigated_by,0.5071397
CWE-266,MA-03(05),mitigated_by,0.63097584
CWE-267,MA-03(05),mitigated_by,0.5955776
CWE-268,AC-02(06),mitigated_by,0.6525105
CWE-269,AC-02(06),mitigated_by,0.6932284
CWE-27,SC-11,mitigated_by,0.45316458
CWE-270,RA-05(05),mitigated_by,0.5095091
CWE-271,MA-03(05),mitigated_by,0.5451416
CWE-272,AC-06,mitigated_by,0.7448082
CWE-273,AC-06(07),mitigated_by,0.5056524
CWE-274,MA-03(05),mitigated_by,0.5687059
CWE-276,SA-08(23),mitigated_by,0.4699014
CWE-277,CP-09(04),mitigated_by,0.45529556
CWE-278,CP-09(04),mitigated_by,0.4818761
CWE-279,MA-03(05),mitigated_by,0.5338561
CWE-28,SC-11,mitigated_by,0.44286698
CWE-280,RA-05(05),mitigated_by,0.4840336
CWE-281,SA-08(15),mitigated_by,0.51362574
CWE-282,SA-04(12),mitigated_by,0.598732
CWE-283,SA-04(12),mitigated_by,0.54193366
CWE-284,AC-24,mitigated_by,0.67504823
CWE-285,CA-06,mitigated_by,0.7269501
CWE-286,AC-02,mitigated_by,0.43551156
CWE-287,IA-11,mitigated_by,0.59334594
CWE-288,IA-02(13),mitigated_by,0.50708246
CWE-289,AC-07(04),mitigated_by,0.5307844
CWE-29,SC-11,mitigated_by,0.47113937
CWE-290,SC-16(02),mitigated_by,0.59908324
CWE-291,IA-09,mitigated_by,0.45514774
CWE-292,SC-20,mitigated_by,0.49744308
CWE-293,IA-05(16),mitigated_by,0.48190442
CWE-294,IA-02(08),mitigated_by,0.60487986
CWE-295,SC-23(05),mitigated_by,0.5658519
CWE-296,SC-23(05),mitigated_by,0.5471207
CWE-297,SC-23(05),mitigated_by,0.47372139
CWE-298,SC-23(05),mitigated_by,0.45900917
CWE-299,PT-04(03),mitigated_by,0.6018791
CWE-30,SC-11,mitigated_by,0.45639426
CWE-300,SC-47,mitigated_by,0.40527445
CWE-301,IA-06,mitigated_by,0.5626234
CWE-302,IA-10,mitigated_by,0.52948654
CWE-303,IA-10,mitigated_by,0.50094837
CWE-304,IA-11,mitigated_by,0.5536202
CWE-305,IA-06,mitigated_by,0.56612504
CWE-306,IA-11,mitigated_by,0.48870942
CWE-307,AC-07,mitigated_by,0.61164993
CWE-308,AC-07(04),mitigated_by,0.6802821
CWE-309,IA-05(01),mitigated_by,0.5674484
CWE-31,SC-11,mitigated_by,0.4561879
CWE-311,SI-04(10),mitigated_by,0.4543466
CWE-312,AC-04(25),mitigated_by,0.49941364
CWE-313,SC-28(02),mitigated_by,0.4361339
CWE-315,SA-15(12),mitigated_by,0.4023347
CWE-316,SI-16,mitigated_by,0.4814843
CWE-318,AC-04(25),mitigated_by,0.45300174
CWE-319,SC-09,mitigated_by,0.49146956
CWE-321,SC-28(03),mitigated_by,0.53031725
CWE-322,IA-05(02),mitigated_by,0.48231113
CWE-323,SC-28(03),mitigated_by,0.45930552
CWE-324,IA-05(13),mitigated_by,0.42861176
CWE-325,SC-28(03),mitigated_by,0.46243677
CWE-326,AC-19(05),mitigated_by,0.47631767
CWE-327,AU-09(03),mitigated_by,0.47296858
CWE-33,SC-47,mitigated_by,0.4271019
CWE-330,SC-30(02),mitigated_by,0.6021321
CWE-334,SC-30(02),mitigated_by,0.53738874
CWE-337,SC-30(02),mitigated_by,0.41811562
CWE-34,SC-11,mitigated_by,0.4960979
CWE-340,SI-10(03),mitigated_by,0.54919434
CWE-341,SI-10(03),mitigated_by,0.59534353
CWE-342,SI-10(03),mitigated_by,0.55318326
CWE-343,SI-10(03),mitigated_by,0.48752922
CWE-345,SC-16(01),mitigated_by,0.5618529
CWE-346,SC-20(02),mitigated_by,0.42355138
CWE-347,SC-16(01),mitigated_by,0.55453366
CWE-348,SA-10(06),mitigated_by,0.5559797
CWE-349,SI-10(05),mitigated_by,0.5356415
CWE-35,SC-11,mitigated_by,0.49645185
CWE-350,SC-21,mitigated_by,0.5474142
CWE-351,AC-04(12),mitigated_by,0.44294393
CWE-352,SC-46,mitigated_by,0.40123236
CWE-353,SI-07(01),mitigated_by,0.70117795
CWE-354,SC-16(01),mitigated_by,0.6583803
CWE-356,AU-06(07),mitigated_by,0.44847095
CWE-357,CP-12,mitigated_by,0.45233944
CWE-358,SA-09(07),mitigated_by,0.5343096
CWE-359,IR-09(04),mitigated_by,0.6433954
CWE-36,SC-11,mitigated_by,0.4775184
CWE-360,AC-03(06),mitigated_by,0.46528324
CWE-362,SC-36(02),mitigated_by,0.52743274
CWE-364,SI-10(04),mitigated_by,0.42459968
CWE-366,SC-39(02),mitigated_by,0.43791682
CWE-367,SI-10(04),mitigated_by,0.44242772
CWE-37,SC-11,mitigated_by,0.48116732
CWE-370,PT-04(03),mitigated_by,0.52618074
CWE-372,SC-24,mitigated_by,0.44778743
CWE-373,SC-36(02),mitigated_by,0.45637426
CWE-38,SC-11,mitigated_by,0.48083723
CWE-382,AC-12,mitigated_by,0.40368325
CWE-384,AC-10,mitigated_by,0.55816823
CWE-385,SC-31,mitigated_by,0.707636
CWE-39,SC-11,mitigated_by,0.43506515
CWE-390,SI-11,mitigated_by,0.65940136
CWE-391,SI-11,mitigated_by,0.53494525
CWE-392,SI-11,mitigated_by,0.51076645
CWE-393,IA-04(04),mitigated_by,0.49096283
CWE-394,IA-04(04),mitigated_by,0.45077285
CWE-396,CM-07(04),mitigated_by,0.44669825
CWE-397,CM-07(04),mitigated_by,0.41252849
CWE-40,SC-11,mitigated_by,0.41410697
CWE-400,SA-02,mitigated_by,0.5718433
CWE-401,SI-16,mitigated_by,0.46541262
CWE-402,PE-19,mitigated_by,0.45158342
CWE-403,PE-19,mitigated_by,0.41243637
CWE-404,SC-06,mitigated_by,0.44449314
CWE-405,SA-02,mitigated_by,0.54659736
CWE-406,AU-05(03),mitigated_by,0.46276292
CWE-407,SA-08(07),mitigated_by,0.65828955
CWE-41,SC-11(01),mitigated_by,0.43579966
CWE-410,SA-02,mitigated_by,0.5112139
CWE-412,AC-11,mitigated_by,0.54431045
CWE-413,SC-06,mitigated_by,0.4354608
CWE-414,AC-11,mitigated_by,0.48340097
CWE-419,SA-08(18),mitigated_by,0.5139071
CWE-420,SA-08(18),mitigated_by,0.5056548
CWE-421,IA-02(09),mitigated_by,0.4032831
CWE-423,SA-08(18),mitigated_by,0.5894821
CWE-424,SC-11,mitigated_by,0.4988061
CWE-425,SI-18(04),mitigated_by,0.49954268
CWE-426,SC-11,mitigated_by,0.64374065
CWE-432,AT-03(02),mitigated_by,0.4182008
CWE-433,AC-22,mitigated_by,0.42530334
CWE-434,SI-10(05),mitigated_by,0.41585943
CWE-436,AC-16(07),mitigated_by,0.52926207
CWE-439,CM-03(03),mitigated_by,0.45077884
CWE-44,SC-11,mitigated_by,0.40435818
CWE-440,SI-10(03),mitigated_by,0.4817401
CWE-444,SI-04(18),mitigated_by,0.43493077
CWE-446,CP-10(03),mitigated_by,0.4370847
CWE-450,SI-09,mitigated_by,0.41938472
CWE-451,SC-30(04),mitigated_by,0.47236237
CWE-453,SA-08(23),mitigated_by,0.60263705
CWE-454,SA-10(04),mitigated_by,0.49479932
CWE-455,SC-07(18),mitigated_by,0.471329
CWE-459,SA-08(01),mitigated_by,0.416283
CWE-460,SI-02,mitigated_by,0.4461445
CWE-470,PM-17,mitigated_by,0.56096613
CWE-478,AC-02(11),mitigated_by,0.4642346
CWE-487,CP-08(01),mitigated_by,0.40995038
CWE-488,AU-14,mitigated_by,0.40579677
CWE-489,SA-11(01),mitigated_by,0.4618138
CWE-492,AC-04(25),mitigated_by,0.4288539
CWE-493,RA-09,mitigated_by,0.42226055
CWE-494,SC-18(03),mitigated_by,0.5743064
CWE-495,SC-07(02),mitigated_by,0.5002797
CWE-496,SC-07(02),mitigated_by,0.42988756
CWE-497,IR-09(04),mitigated_by,0.6180148
CWE-498,MP-06(04),mitigated_by,0.44307253
CWE-499,PS-06(01),mitigated_by,0.40551585
CWE-50,SC-47,mitigated_by,0.42768142
CWE-501,SA-08(10),mitigated_by,0.5558871
CWE-502,AC-04(25),mitigated_by,0.4596264
CWE-506,SI-03,mitigated_by,0.647457
CWE-508,SI-03,mitigated_by,0.60016364
CWE-509,SI-03,mitigated_by,0.5892862
CWE-51,SC-47,mitigated_by,0.42809936
CWE-510,IR-02(03),mitigated_by,0.41612574
CWE-514,SC-31,mitigated_by,0.78104925
CWE-515,SC-31,mitigated_by,0.6966874
CWE-516,SC-31,mitigated_by,0.60996264
CWE-52,SC-47,mitigated_by,0.44126412
CWE-520,IA-05(16),mitigated_by,0.43286535
CWE-521,IA-05(04),mitigated_by,0.5414939
CWE-522,CA-06,mitigated_by,0.4609717
CWE-523,CA-03(06),mitigated_by,0.5120979
CWE-524,SI-14(02),mitigated_by,0.46144807
CWE-525,IA-05(13),mitigated_by,0.41010466
CWE-526,AC-04(25),mitigated_by,0.42303294
CWE-527,SA-10(05),mitigated_by,0.52313656
CWE-529,AC-03,mitigated_by,0.5568871
CWE-53,SC-11,mitigated_by,0.43640068
CWE-530,CP-09(04),mitigated_by,0.45846274
CWE-531,SI-12(02),mitigated_by,0.5915223
CWE-532,SA-15(13),mitigated_by,0.45970196
CWE-533,AU-05(05),mitigated_by,0.4347437
CWE-534,AU-05(05),mitigated_by,0.40966514
CWE-535,SI-11,mitigated_by,0.47764722
CWE-538,PS-06(01),mitigated_by,0.41793263
CWE-539,SI-14(02),mitigated_by,0.49213254
CWE-54,SC-11,mitigated_by,0.4098979
CWE-540,PS-06(01),mitigated_by,0.5163815
CWE-542,SI-12(03),mitigated_by,0.52751416
CWE-543,SC-36(02),mitigated_by,0.47511423
CWE-544,SI-11,mitigated_by,0.6116978
CWE-547,SA-08(28),mitigated_by,0.54322165
CWE-548,MP-06(05),mitigated_by,0.44581604
CWE-549,IA-05(18),mitigated_by,0.4283367
CWE-55,SC-47,mitigated_by,0.4289342
CWE-550,AC-12(03),mitigated_by,0.4195087
CWE-551,PM-10,mitigated_by,0.45613548
CWE-552,AC-22,mitigated_by,0.42644855
CWE-554,SI-10,mitigated_by,0.50745535
CWE-556,IA-13,mitigated_by,0.48269153
CWE-558,MA-04(04),mitigated_by,0.408879
CWE-561,SA-05(05),mitigated_by,0.4214944
CWE-563,CM-09(01),mitigated_by,0.4370386
CWE-565,SC-23,mitigated_by,0.47044912
CWE-566,CA-06,mitigated_by,0.51236194
CWE-567,SC-04,mitigated_by,0.48650563
CWE-57,SC-11,mitigated_by,0.42979863
CWE-572,SC-39(02),mitigated_by,0.44135827
CWE-573,SC-18(01),mitigated_by,0.4079088
CWE-574,SC-36(02),mitigated_by,0.53523725
CWE-58,SC-11,mitigated_by,0.44061452
CWE-585,SC-36(02),mitigated_by,0.48315895
CWE-586,SA-08(01),mitigated_by,0.43853724
CWE-587,IA-03(03),mitigated_by,0.49891934
CWE-589,SC-02(01),mitigated_by,0.40593222
CWE-590,SI-16,mitigated_by,0.43798155
CWE-591,SI-16,mitigated_by,0.50962
CWE-592,IA-02(13),mitigated_by,0.51629794
CWE-598,SI-18(04),mitigated_by,0.44371969
CWE-599,SC-23(05),mitigated_by,0.47874397
CWE-6,SC-23(01),mitigated_by,0.5026376
CWE-602,SA-08(28),mitigated_by,0.53946483
CWE-603,CA-06,mitigated_by,0.49642462
CWE-605,SC-41,mitigated_by,0.4196253
CWE-609,AC-11,mitigated_by,0.48006067
CWE-610,CP-02(07),mitigated_by,0.47224408
CWE-612,CA-06,mitigated_by,0.47742394
CWE-613,AC-12,mitigated_by,0.5718365
CWE-614,SC-23(01),mitigated_by,0.40730882
CWE-615,SA-05(05),mitigated_by,0.46144593
CWE-617,SI-19(07),mitigated_by,0.41260958
CWE-618,CP-12,mitigated_by,0.42036042
CWE-620,IA-05(18),mitigated_by,0.45526087
CWE-623,CP-12,mitigated_by,0.42308825
CWE-624,SC-34,mitigated_by,0.40944093
CWE-627,SA-11(08),mitigated_by,0.48497543
CWE-636,SC-07(18),mitigated_by,0.5423936
CWE-637,AC-17(06),mitigated_by,0.564193
CWE-639,CA-06,mitigated_by,0.60673165
CWE-640,SA-08(24),mitigated_by,0.5294154
CWE-641,SC-43,mitigated_by,0.49262014
CWE-642,CP-09(03),mitigated_by,0.53772056
CWE-645,AC-07(01),mitigated_by,0.6002159
CWE-647,CA-06,mitigated_by,0.48066583
CWE-648,RA-05(05),mitigated_by,0.57804143
CWE-649,SI-10(05),mitigated_by,0.5546019
CWE-650,SA-08(28),mitigated_by,0.42196277
CWE-653,SC-07(20),mitigated_by,0.6327588
CWE-654,SA-08(27),mitigated_by,0.6264822
CWE-656,PS-06(01),mitigated_by,0.4434655
CWE-657,SA-08(28),mitigated_by,0.5576303
CWE-662,SC-36(02),mitigated_by,0.68290544
CWE-664,SA-02,mitigated_by,0.45632026
CWE-666,SC-06,mitigated_by,0.49591684
CWE-667,AC-11,mitigated_by,0.48567376
CWE-670,CM-04(02),mitigated_by,0.5483742
CWE-671,CP-10(03),mitigated_by,0.5020432
CWE-672,SC-06,mitigated_by,0.47283506
CWE-675,PL-02(01),mitigated_by,0.53929526
CWE-676,SC-03,mitigated_by,0.43231714
CWE-689,CM-05(05),mitigated_by,0.46729013
CWE-691,SC-03(02),mitigated_by,0.47698677
CWE-692,SC-07(05),mitigated_by,0.44958875
CWE-693,SA-08(19),mitigated_by,0.55969906
CWE-694,SC-04,mitigated_by,0.47068998
CWE-695,SA-05(04),mitigated_by,0.61508214
CWE-696,PL-04,mitigated_by,0.5565333
CWE-703,SC-18(01),mitigated_by,0.5191874
CWE-705,SC-03(02),mitigated_by,0.4742439
CWE-706,SI-10(02),mitigated_by,0.42727137
CWE-708,SA-04(12),mitigated_by,0.56624115
CWE-710,SC-18(01),mitigated_by,0.5681697
CWE-732,CM-05(05),mitigated_by,0.42889544
CWE-733,SA-08(31),mitigated_by,0.5626007
CWE-749,SI-10(06),mitigated_by,0.40081
CWE-75,SI-10(06),mitigated_by,0.43937996
CWE-754,CA-09(01),mitigated_by,0.4605269
CWE-755,SC-18(01),mitigated_by,0.45330164
CWE-756,SI-11,mitigated_by,0.42949045
CWE-757,SA-15(05),mitigated_by,0.42713952
CWE-758,SC-34,mitigated_by,0.4251891
CWE-762,SI-16,mitigated_by,0.48811057
CWE-764,CP-09(03),mitigated_by,0.46745062
CWE-765,RA-09,mitigated_by,0.4959911
CWE-766,SA-12(13),mitigated_by,0.46195877
CWE-767,SC-07(02),mitigated_by,0.46648917
CWE-77,AU-06(08),mitigated_by,0.41916165
CWE-770,SA-02,mitigated_by,0.70746666
CWE-771,SA-02,mitigated_by,0.5025899
CWE-772,SC-06,mitigated_by,0.48553276
CWE-774,SA-02,mitigated_by,0.41386673
CWE-778,MA-04(01),mitigated_by,0.5363796
CWE-779,AU-04,mitigated_by,0.5114897
CWE-78,AU-06(08),mitigated_by,0.4305642
CWE-782,AC-03(03),mitigated_by,0.4371442
CWE-784,SC-23,mitigated_by,0.46277136
CWE-786,SI-16,mitigated_by,0.45532507
CWE-788,SI-16,mitigated_by,0.42510948
CWE-789,SA-02,mitigated_by,0.4813942
CWE-790,SI-15,mitigated_by,0.44551605
CWE-791,SI-15,mitigated_by,0.48190376
CWE-792,SI-15,mitigated_by,0.45841503
CWE-794,AC-04(27),mitigated_by,0.4616482
CWE-795,SI-15,mitigated_by,0.42207164
CWE-796,SI-15,mitigated_by,0.4175288
CWE-798,SI-07(15),mitigated_by,0.5725409
CWE-799,SA-04(01),mitigated_by,0.44619548
CWE-807,SI-10(05),mitigated_by,0.57049537
CWE-820,SC-36(02),mitigated_by,0.72269434
CWE-821,SC-36(02),mitigated_by,0.7029265
CWE-822,SA-10(04),mitigated_by,0.41244245
CWE-826,SC-06,mitigated_by,0.48617554
CWE-829,CP-10(03),mitigated_by,0.52604043
CWE-830,SI-10(05),mitigated_by,0.55059475
CWE-831,AC-04(30),mitigated_by,0.4414417
CWE-832,AC-11,mitigated_by,0.438424
CWE-836,IA-05(01),mitigated_by,0.5975439
CWE-837,AU-06(07),mitigated_by,0.57192594
CWE-838,SC-26,mitigated_by,0.42783052
CWE-841,PL-04,mitigated_by,0.52285004
CWE-843,AC-03(11),mitigated_by,0.43286303
CWE-862,CA-06,mitigated_by,0.6944681
CWE-863,CA-06,mitigated_by,0.71224916
CWE-908,SC-04,mitigated_by,0.45530877
CWE-909,SC-06,mitigated_by,0.4037692
CWE-91,SI-10(06),mitigated_by,0.4432308
CWE-912,CM-07,mitigated_by,0.49259144
CWE-913,SA-11(08),mitigated_by,0.5303693
CWE-914,CM-04(02),mitigated_by,0.42979494
CWE-915,AC-16(02),mitigated_by,0.5150009
CWE-916,IA-05(01),mitigated_by,0.42707658
CWE-917,SA-15(13),mitigated_by,0.4010086
CWE-92,AC-04(25),mitigated_by,0.47133505
CWE-920,SC-43,mitigated_by,0.46095324
CWE-921,SC-28,mitigated_by,0.52789414
CWE-922,SC-28,mitigated_by,0.57471824
CWE-923,SC-47,mitigated_by,0.50129986
CWE-924,SC-08,mitigated_by,0.6113685
CWE-925,SC-08(04),mitigated_by,0.42861545
CWE-927,SC-40(03),mitigated_by,0.5147357
CWE-939,CA-06,mitigated_by,0.45234564
CWE-94,SI-10(06),mitigated_by,0.45189163
CWE-940,SA-08(18),mitigated_by,0.55633384
CWE-941,SC-47,mitigated_by,0.50724214
CWE-942,SC-46,mitigated_by,0.7581583
CWE-95,SA-11(08),mitigated_by,0.40446925
CWE-96,SA-11(01),mitigated_by,0.46511742
CWE-99,SC-04,mitigated_by,0.47558764
T1055.011,MA-03(05),related_to,0.41759998
T1053.005,MA-03(05),related_to,0.4645219
T1066,MA-03(01),related_to,0.49586287
T1560.001,SI-19(02),related_to,0.4423057
T1156,CP-09(04),related_to,0.40181556
T1113,AU-14(02),related_to,0.4341312
T1067,SI-14,related_to,0.41042137
T1557,IA-02(09),related_to,0.44239816
T1033,AC-03(06),related_to,0.40586516
T1583,PM-08,related_to,0.49183515
T1218.011,SI-07(17),related_to,0.40404567
T1613,SC-06,related_to,0.4287331
T1583.007,SC-06,related_to,0.40774566
T1143,SC-03,related_to,0.41091207
T1132.001,AU-12(02),related_to,0.4530033
T1150,CP-09(04),related_to,0.5235316
T1556.003,IA-07,related_to,0.6052335
T1596.003,SC-17,related_to,0.49136543
T1056.001,IA-05(10),related_to,0.41838098
T1564.012,SC-11,related_to,0.4804099
T1222.002,CP-09(04),related_to,0.45399112
T1110.001,IA-05(01),related_to,0.55618805
T1597.002,SA-04,related_to,0.46862245
T1003,IA-05(10),related_to,0.4536631
T1129,SA-08(06),related_to,0.40456688
T1561.002,AC-07(02),related_to,0.4650656
T1492,AC-04(25),related_to,0.477976
T1574.007,SC-11,related_to,0.5349864
T1213.002,SI-18(03),related_to,0.7399362
T1006,PE-03,related_to,0.4651059
T1044,AC-02(06),related_to,0.41216448
T1666,SA-08(12),related_to,0.42131034
T1564.008,SI-08,related_to,0.44864872
T1491.002,SI-02,related_to,0.41231203
T1027.013,SC-08(03),related_to,0.40299374
T1014,SI-02(07),related_to,0.42964116
T1590.002,SC-21,related_to,0.44722784
T1501,SA-04(05),related_to,0.42371726
T1514,MA-03(05),related_to,0.6074931
T1123,AU-14(02),related_to,0.45901725
T1543,MA-03(05),related_to,0.48948944
T1133,SA-09,related_to,0.55425733
T1109,SI-07(10),related_to,0.58661586
T1053.007,CM-05(05),related_to,0.455911
T1568.002,AC-04(02),related_to,0.5885817
T1548.002,CP-10(03),related_to,0.46062106
T1016.001,CA-03(04),related_to,0.4146461
T1548.003,MA-03(05),related_to,0.42768767
T1560.003,SI-19(02),related_to,0.40283033
T1578,SA-08(31),related_to,0.4607662
T1584.008,IA-02(07),related_to,0.4211436
T1583.008,SA-02,related_to,0.4096599
T1069,PM-15,related_to,0.49073392
T1114,SI-18(03),related_to,0.60137635
T1003.002,AC-02,related_to,0.5767325
T1542.001,SI-07(10),related_to,0.6106088
T1574.011,AC-06(08),related_to,0.41056022
T1596.001,SC-20,related_to,0.4443479
T1163,SI-14,related_to,0.41761202
T1195.001,SC-07(13),related_to,0.4763547
T1588.004,SC-12(04),related_to,0.47094098
T1561,AC-07(02),related_to,0.43756253
T1555.002,SI-16,related_to,0.52923924
T1615,AC-04(13),related_to,0.4327492
T1542.003,SI-07(10),related_to,0.45561385
T1025,MP-04,related_to,0.49636075
T1116,SI-03,related_to,0.5343739
T1036.005,SC-20,related_to,0.43430328
T1172,AC-04(02),related_to,0.43567765
T1587.003,SC-12(04),related_to,0.47248653
T1565.001,AC-04(25),related_to,0.47676057
T1110.002,IA-05(04),related_to,0.45168465
T1114.001,SI-18(03),related_to,0.4850566
T1555.001,IA-05(09),related_to,0.42618933
T1013,SC-41,related_to,0.40428624
T1600,AU-09(03),related_to,0.5056354
T1606.002,IA-13(02),related_to,0.41208115
T1587.001,SI-03(10),related_to,0.50802064
T1121,CM-07(07),related_to,0.4565879
T1652,IA-03,related_to,0.41148886
T1087.002,AC-04(17),related_to,0.5890132
T1547.014,CM-11(02),related_to,0.44695404
T1559.002,AC-04(03),related_to,0.4459264
T1204.002,IR-04(12),related_to,0.49639815
T1591.003,PM-11,related_to,0.41855112
T1063,PL-06,related_to,0.40925312
T1071.005,SC-07(17),related_to,0.4021781
T1592.001,SA-10(03),related_to,0.49889025
T1080,SI-20,related_to,0.6514821
T1484.002,CP-09(04),related_to,0.5148313
T1213.006,SI-18(03),related_to,0.5159256
T1573.001,CM-03(06),related_to,0.5577168
T1087.001,IA-02(04),related_to,0.5733248
T1167,SI-16,related_to,0.5307412
T1586.001,AC-02,related_to,0.530826
T1527,AC-03,related_to,0.46935582
T1562.009,CP-12,related_to,0.6455308
T1542.005,SI-07(10),related_to,0.42962936
T1497.001,AU-06(02),related_to,0.4436339
T1053.003,MA-03(05),related_to,0.48360652
T1069.002,AC-04(02),related_to,0.4747356
T1588.006,SA-15(04),related_to,0.5004537
T1070.002,MP-06(08),related_to,0.407734
T1499.004,SA-12(15),related_to,0.40214705
T1098.003,AC-02(06),related_to,0.4365853
T1547.012,CM-05(05),related_to,0.4201238
T1089,SC-07(13),related_to,0.6143264
T1487,AC-07(02),related_to,0.46681204
T1214,IA-05(10),related_to,0.45616046
T1574.001,AC-06(08),related_to,0.43466815
T1119,SI-18(03),related_to,0.5827722
T1555.005,IA-05(18),related_to,0.7654282
T1103,AC-06(08),related_to,0.43234974
T1007,SC-07(16),related_to,0.49363253
T1040,IA-03(02),related_to,0.42889595
T1553.002,SI-03,related_to,0.53328496
T1530,SC-28(02),related_to,0.40342385
T1565.003,AC-04(25),related_to,0.4580542
T1552.002,IA-05(10),related_to,0.45260316
T1120,IA-03,related_to,0.46451205
T1036.009,SC-39,related_to,0.4028563
T1590.004,CA-03(04),related_to,0.40446314
T1587.002,SC-12(04),related_to,0.40648004
T1222.001,CP-09(04),related_to,0.5031133
T1137.006,SI-14,related_to,0.4552244
T1505.002,MP-05,related_to,0.42188397
T1082,RA-05(04),related_to,0.5011506
T1071,SC-07(17),related_to,0.4808073
T1574.014,SI-07(17),related_to,0.47667143
T1053,MA-03(05),related_to,0.4580853
T1218.007,SA-15(05),related_to,0.42739084
T1162,SI-14,related_to,0.41589808
T1590.003,SA-08(18),related_to,0.47521442
T1556.002,IA-05(01),related_to,0.45924792
T1195.003,SA-12,related_to,0.5181679
T1070.007,AC-18(02),related_to,0.44051668
T1059.010,PT-02(02),related_to,0.45329437
T1600.001,SA-15(05),related_to,0.50312465
T1070.003,SI-03(08),related_to,0.407822
T1202,SI-03(08),related_to,0.4677526
T1024,SC-07(17),related_to,0.47283888
T1091,AU-09(01),related_to,0.41196963
T1005,PE-03(01),related_to,0.4394952
T1140,SC-26,related_to,0.4915756
T1137.005,PL-04,related_to,0.4380469
T1562,PL-08(01),related_to,0.55817974
T1586.003,AC-02,related_to,0.55155915
T1586.002,AC-02,related_to,0.5388539
T1098.007,IA-02(03),related_to,0.4467543
T1195,SR-07,related_to,0.5396408
T1190,SC-07(02),related_to,0.47761327
T1555,IA-05(10),related_to,0.46584117
T1567,SC-07(10),related_to,0.6201174
T1219,AC-17,related_to,0.5856326
T1583.001,AC-04(02),related_to,0.59082407
T1560.002,SI-19(02),related_to,0.5101001
T1055.003,MA-03(05),related_to,0.5199521
T1079,AC-04(04),related_to,0.52195156
T1036,SC-05(01),related_to,0.43012053
T1546.011,AC-02(06),related_to,0.48652732
T1552,IA-02(02),related_to,0.43125245
T1547.010,SC-41,related_to,0.40211296
T1070.008,AC-04(25),related_to,0.41725975
T1659,SI-10(06),related_to,0.51223123
T1055,MA-03(05),related_to,0.52156997
T1567.004,SC-07(10),related_to,0.4973569
T1205,AT-02(05),related_to,0.42597103
T1503,IA-05(10),related_to,0.4203837
T1218,CM-07(08),related_to,0.47400868
T1153,SA-05(05),related_to,0.61069226
T1050,AC-02(06),related_to,0.43213305
T1620,SI-03,related_to,0.50124407
T1480.002,SC-03,related_to,0.44832495
T1564.011,CM-07(02),related_to,0.50185585
T1611,MA-03(05),related_to,0.47665238
T1518.002,CP-09,related_to,0.49584797
T1569.003,IR-04(05),related_to,0.44237655
T1032,SC-07(17),related_to,0.49107578
T1087.003,AC-02,related_to,0.40454882
T1062,SI-14,related_to,0.45326868
T1497.003,SA-09(07),related_to,0.44204596
T1562.002,AU-02,related_to,0.59968424
T1029,PS-05,related_to,0.47512174
T1572,SC-07(07),related_to,0.51846915
T1218.002,CP-10(03),related_to,0.4586121
T1599.001,SA-15(05),related_to,0.41420797
T1547.005,PL-03,related_to,0.4599957
T1550,AC-07(04),related_to,0.5719562
T1076,AU-14(03),related_to,0.444807
T1597.001,SA-15(08),related_to,0.4188013
T1011,SC-07(10),related_to,0.6393441
T1589,IA-12(02),related_to,0.42250648
T1131,IA-05,related_to,0.50953937
T1181,MA-03(05),related_to,0.4191983
T1562.004,SC-05(01),related_to,0.53356296
T1560,SA-15(11),related_to,0.5512021
T1152,SI-07(17),related_to,0.42584842
T1553.003,SA-08(18),related_to,0.4298612
T1483,AC-04(02),related_to,0.5887227
T1021,AC-17,related_to,0.4251899
T1071.003,SC-07(17),related_to,0.4534556
T1556.007,IA-13(02),related_to,0.50504684
T1595.002,RA-05,related_to,0.808746
T1596,AC-21(02),related_to,0.42666912
T1562.012,AU-09,related_to,0.5780891
T1207,CM-08(03),related_to,0.40475154
T1553.006,CP-09(04),related_to,0.49011692
T1610,CM-07(07),related_to,0.4278384
T1107,MA-03(03),related_to,0.4457397
T1145,SC-28(03),related_to,0.42852062
T1555.003,IA-05(10),related_to,0.41916478
T1574.008,AT-02(05),related_to,0.42120543
T1491,SI-02,related_to,0.4635797
T1564.013,AC-04(18),related_to,0.4169441
T1505.003,SI-14,related_to,0.41427088
T1484.001,CP-09(04),related_to,0.45743454
T1217,RA-05(04),related_to,0.52638096
T1552.004,SC-28(03),related_to,0.42134157
T1583.004,SC-06,related_to,0.46313912
T1021.006,AC-17,related_to,0.46424115
T1011.001,SC-07(10),related_to,0.5094953
T1078.001,AC-06(05),related_to,0.4992232
T1547.003,AU-08(02),related_to,0.43090865
T1183,MA-03(05),related_to,0.41502517
T1085,SI-07(17),related_to,0.41748783
T1546.005,AC-02(06),related_to,0.44243488
T1574.006,AT-02(05),related_to,0.4620398
T1136.001,IA-02(04),related_to,0.50772107
T1681,RA-05,related_to,0.47264004
T1674,SI-10(06),related_to,0.57765156
T1092,PE-05,related_to,0.43989107
T1070.001,AU-02,related_to,0.6182193
T1585.002,AC-02,related_to,0.5344857
T1222,CP-09(04),related_to,0.5418968
T1053.001,MA-03(05),related_to,0.49704218
T1179,IA-05(10),related_to,0.4873877
T1595,SA-19(04),related_to,0.49182305
T1027.016,SI-03(10),related_to,0.56331176
T1547.011,CP-09(04),related_to,0.4621541
T1548,AC-06(08),related_to,0.49055052
T1134.002,PM-10,related_to,0.5454552
T1548.001,MA-03(05),related_to,0.47547302
T1019,SI-07(10),related_to,0.5992555
T1110.003,IA-05(01),related_to,0.50927407
T1090.002,SC-07(08),related_to,0.40921414
T1056.003,CA-06,related_to,0.40834832
T1589.002,IA-12(05),related_to,0.42124572
T1164,SI-14,related_to,0.4284541
T1108,AC-17(07),related_to,0.47395554
T1003.005,IA-05(13),related_to,0.46891528
T1673,SC-29(01),related_to,0.414607
T1101,PL-03,related_to,0.47485408
T1590.006,IR-04(14),related_to,0.45059967
T1546.012,MA-03(05),related_to,0.43169835
T1218.008,AC-03,related_to,0.41710222
T1593.002,AC-21(02),related_to,0.46488854
T1591.002,IR-04(08),related_to,0.40737626
T1548.005,AC-02(06),related_to,0.4204231
T1125,AU-14(02),related_to,0.46842963
T1045,SI-03,related_to,0.47985414
T1055.013,MA-03(05),related_to,0.43322992
T1016,SC-07(16),related_to,0.43539396
T1578.003,MA-03(03),related_to,0.40696818
T1593.003,SA-05(05),related_to,0.58550066
T1574.005,SC-34,related_to,0.4926477
T1546.008,CP-06(03),related_to,0.59432995
T1496.002,SC-31(02),related_to,0.48224503
T1198,SA-08(18),related_to,0.43211228
T1087,AC-02,related_to,0.4973821
T1090,SC-07(08),related_to,0.48693264
T1204.005,SI-03(10),related_to,0.53506285
T1136.002,AC-04(17),related_to,0.58652204
T1564.014,AC-16,related_to,0.5966968
T1589.003,IA-02,related_to,0.40265056
T1482,AC-04(17),related_to,0.4556735
T1020,SC-07(10),related_to,0.7218485
T1592.004,CM-09,related_to,0.47451308
T1562.007,AC-04(10),related_to,0.45777053
T1219.001,SC-07(07),related_to,0.46281743
T1588.001,SI-03(10),related_to,0.5242551
T1027.017,SI-04(18),related_to,0.4626158
T1542.002,SI-07(10),related_to,0.5758046
T1070,SC-40(02),related_to,0.4546594
T1048.001,SC-07(10),related_to,0.5156358
T1083,RA-05(04),related_to,0.42804265
T1568,IR-04(02),related_to,0.45162338
T1036.004,SA-12(09),related_to,0.4013504
T1055.004,MA-03(05),related_to,0.52161986
T1020.001,SI-04(18),related_to,0.5464599
T1138,AC-02(06),related_to,0.47146463
T1647,CP-09(04),related_to,0.46974427
T1191,SC-31(01),related_to,0.41911936
T1188,SC-07(08),related_to,0.4801728
T1098.005,IA-03,related_to,0.50961775
T1049,CA-03(04),related_to,0.4600744
T1584,PM-08,related_to,0.5304361
T1600.002,CM-07(09),related_to,0.58812237
T1542,SI-07(10),related_to,0.5156676
T1064,CM-03(05),related_to,0.4479941
T1055.002,MA-03(05),related_to,0.48120707
T1586,AC-02,related_to,0.61900043
T1059.008,AC-06(03),related_to,0.442005
T1562.010,SA-15(05),related_to,0.5301991
T1559.003,SA-09,related_to,0.44531792
T1497,SC-29(01),related_to,0.46053073
T1552.001,IA-05(10),related_to,0.44872102
T1608,IR-04(09),related_to,0.42056713
T1480,PE-03(03),related_to,0.4212575
T1654,MA-04(01),related_to,0.45916
T1134.001,IA-13(02),related_to,0.49696252
T1567.001,SC-07(10),related_to,0.5395838
T1583.006,SA-09,related_to,0.41461548
T1204,MA-03(05),related_to,0.5130174
T1491.001,SI-02,related_to,0.4302426
T1564.002,AC-03(06),related_to,0.42884585
T1134.003,IA-13(02),related_to,0.4936241
T1552.006,AC-02(10),related_to,0.49154797
T1196,CP-10(03),related_to,0.43026242
T1048.002,SI-04(18),related_to,0.54255533
T1087.004,AC-02,related_to,0.4664542
T1057,AU-06(01),related_to,0.43477833
T1562.003,AU-05,related_to,0.4281562
T1053.004,MA-03(05),related_to,0.4167786
T1556.008,SI-04(22),related_to,0.4463699
T1497.002,PL-06,related_to,0.45068243
T1141,IA-05(10),related_to,0.4465651
T1585.003,AC-02,related_to,0.54553586
T1041,SC-07(10),related_to,0.64369404
T1134.004,CP-09(04),related_to,0.43919057
T1621,IA-02(01),related_to,0.6543605
T1554,SA-10(05),related_to,0.4390131
T1023,AC-04(23),related_to,0.4279107
T1055.014,CP-09(04),related_to,0.42979196
T1071.002,SC-07(17),related_to,0.5058618
T1679,SC-03,related_to,0.46460626
T1122,CM-08(03),related_to,0.49186048
T1015,CP-06(03),related_to,0.5955274
T1212,IA-05(10),related_to,0.5523134
T1546.014,AC-02(06),related_to,0.44938305
T1102.003,AC-04(07),related_to,0.45065466
T1502,CP-09(04),related_to,0.43914118
T1142,IA-05(09),related_to,0.43641266
T1169,MA-03(05),related_to,0.5030041
T1574.010,AC-02(06),related_to,0.40315786
T1199,SA-09(03),related_to,0.52519834
T1136.003,AC-02(08),related_to,0.4598149
T1593,AC-04(02),related_to,0.45911497
T1562.013,AC-17(08),related_to,0.49303943
T1098,AC-06(05),related_to,0.52084106
T1048,SC-07(10),related_to,0.6155062
T1547.006,IA-07,related_to,0.4009296
T1678,SA-08(26),related_to,0.4791012
T1588.002,SA-15,related_to,0.5543688
T1052.001,SC-07(10),related_to,0.59620094
T1574.013,AT-02(05),related_to,0.451018
T1061,SC-02(01),related_to,0.43842295
T1542.004,AT-02(05),related_to,0.42726013
T1218.001,SI-03,related_to,0.41565576
T1070.005,SC-10,related_to,0.51979643
T1090.003,SC-07(08),related_to,0.45663926
T1110,IA-05(04),related_to,0.45854628
T1137.003,SI-14,related_to,0.40780547
T1219.003,AC-17,related_to,0.60256934
T1562.001,MA-03(04),related_to,0.5105697
T1565,AC-04(25),related_to,0.48557425
T1559,AU-06(01),related_to,0.5775989
T1001,AC-04(25),related_to,0.5792917
T1584.006,SA-09,related_to,0.40976664
T1601,SA-08(31),related_to,0.5492443
T1574,AC-06(08),related_to,0.5173314
T1036.012,AC-07(03),related_to,0.42822003
T1027.005,MA-03(01),related_to,0.49879536
T1204.003,IR-04(12),related_to,0.4665413
T1543.005,AC-02(06),related_to,0.42118588
T1078,AC-06(05),related_to,0.5321658
T1571,SA-09(02),related_to,0.43588248
T1585.001,AC-02,related_to,0.52986777
T1068,MA-03(05),related_to,0.6024705
T1564.009,SI-20,related_to,0.4510864
T1531,AC-03(08),related_to,0.5002529
T1110.004,IA-05(09),related_to,0.5195177
T1208,IA-02(01),related_to,0.422454
T1027,AC-04(25),related_to,0.47315148
T1556.006,IA-02(01),related_to,0.64868855
T1114.002,SI-18(03),related_to,0.4497493
T1036.001,SI-03(10),related_to,0.48761702
T1564.006,SI-07(17),related_to,0.42719436
T1027.014,SI-03,related_to,0.57581234
T1201,IA-05(04),related_to,0.5248334
T1546,MA-03(05),related_to,0.50128156
T1546.004,AC-02(06),related_to,0.42176366
T1187,IA-11,related_to,0.48730126
T1134.005,SI-10(06),related_to,0.40208945
T1599,SC-07,related_to,0.5027478
T1486,RA-08,related_to,0.4916796
T1488,AC-07(02),related_to,0.46185052
T1553,CP-10(03),related_to,0.55554456
T1548.004,MA-03(05),related_to,0.5778607
T1592.003,SI-02(05),related_to,0.5727071
T1573,AC-04(04),related_to,0.61605334
T1174,IA-05(01),related_to,0.4377917
T1547.002,IA-11,related_to,0.45290646
T1218.010,SI-03,related_to,0.4561747
T1002,SC-07(10),related_to,0.44366395
T1567.003,SC-07(10),related_to,0.5155719
T1081,IA-05(10),related_to,0.45161706
T1592.002,RA-05,related_to,0.48440194
T1056,IA-05(10),related_to,0.4134122
T1587.004,SC-31(01),related_to,0.46272513
T1589.001,IA-02(12),related_to,0.46056527
T1195.002,SA-12,related_to,0.5319671
T1102.002,CP-11,related_to,0.4208852
T1203,MA-03(05),related_to,0.43145645
T1595.003,RA-05(10),related_to,0.431483
T1562.011,AU-06(02),related_to,0.5788941
T1137.004,SI-14,related_to,0.41206786
T1573.002,SC-12(03),related_to,0.5943455
T1567.002,SC-07(10),related_to,0.6148293
T1570,SI-13(03),related_to,0.4050419
T1574.009,SC-11,related_to,0.5091495
T1608.003,SC-12(04),related_to,0.41982067
T1166,MA-03(05),related_to,0.41332793
T1100,AC-02(06),related_to,0.47154775
T1095,SC-07(17),related_to,0.4643332
T1027.003,SC-31,related_to,0.451831
T1001.003,AC-17(10),related_to,0.48586616
T1030,AC-04(32),related_to,0.47487396
T1028,AC-17,related_to,0.4324718
T1550.004,SI-20,related_to,0.41807407
T1078.002,AC-06(05),related_to,0.5222219
T1218.009,SI-03,related_to,0.46277884
T1034,SC-11,related_to,0.42799097
T1506,SI-20,related_to,0.41967204
T1037.003,AC-06(03),related_to,0.44951648
T1499,SC-05,related_to,0.6716193
T1027.004,CM-07(07),related_to,0.40107584
T1065,SA-04(09),related_to,0.48978406
T1614,PE-18,related_to,0.54340667
T1197,SA-12(09),related_to,0.4084337
T1127.001,SI-03,related_to,0.41982773
T1656,SI-03(08),related_to,0.41991758
T1578.005,SA-08(31),related_to,0.4421032
T1088,AC-02(07),related_to,0.48529872
T1494,AC-04(25),related_to,0.45916432
T1090.004,AC-04(02),related_to,0.4361463
T1562.008,AU-05(05),related_to,0.4244519
T1518.001,PL-06,related_to,0.40794957
T1564.003,SC-03,related_to,0.40629533
T1493,SC-09,related_to,0.40575606
T1591.004,AT-03,related_to,0.5165108
T1132,AC-04(25),related_to,0.5044273
T1546.010,AC-06(08),related_to,0.4319245
T1598,AC-03(05),related_to,0.42263705
T1496,SC-06,related_to,0.42086035
T1585,AC-02,related_to,0.63441336
T1588,IR-04(09),related_to,0.4482116
T1147,AC-03(06),related_to,0.43563926
T1556.009,AC-03,related_to,0.5670503
T1555.006,IA-05(18),related_to,0.43663886
T1213.003,SA-05(05),related_to,0.53898394
T1565.002,SC-09,related_to,0.4054792
T1003.008,CA-06,related_to,0.47070125
T1569,SA-09,related_to,0.6675906
T1055.009,SI-16,related_to,0.53550553
T1223,CM-07(07),related_to,0.42387417
T1650,PS-06,related_to,0.6036431
T1601.001,SI-02(04),related_to,0.42942145
T1213,AU-06(03),related_to,0.46415645
T1070.009,AT-02(05),related_to,0.5463491
T1146,SI-03(08),related_to,0.42924148
T1555.004,IA-05(09),related_to,0.46173972
T1519,AC-02(06),related_to,0.44422108
T1194,IA-09,related_to,0.42221934
T1200,CM-07(09),related_to,0.4020759
T1219.002,AC-17(10),related_to,0.48206687
T1505,AU-09(07),related_to,0.44986174
T1485,MP-06(06),related_to,0.5093914
T1556.001,AC-04(17),related_to,0.57840556
T1027.006,SI-04(18),related_to,0.4412608
T1556.005,AC-03(08),related_to,0.47026065
T1027.010,SI-03(08),related_to,0.5039678
T1022,AC-04(04),related_to,0.58675176
T1070.004,MA-03(03),related_to,0.44156867
T1498,SC-05,related_to,0.75756514
T1546.016,CM-11(02),related_to,0.49664077
T1595.001,SA-19(04),related_to,0.4001837
T1221,SI-10(06),related_to,0.52067286
T1037.004,AC-06(08),related_to,0.410075
T1134,IA-13(02),related_to,0.51260334
T1209,AU-08(02),related_to,0.5206112
T1111,IA-02(02),related_to,0.6437547
T1027.002,SI-03,related_to,0.47947875
T1584.007,SC-06,related_to,0.40822327
T1071.001,SC-07(17),related_to,0.4976696
T1564.005,SC-30(05),related_to,0.4506825
T1543.002,AC-02(06),related_to,0.40210178
T1668,SA-04(01),related_to,0.48415914
T1136,AC-02,related_to,0.48102298
T1584.004,SC-06,related_to,0.46955314
T1672,SI-08,related_to,0.5027396
T1526,RA-05(04),related_to,0.4132006
T1204.004,SI-03(10),related_to,0.55615
T1018,SC-07(16),related_to,0.49452278
T1046,SI-04(22),related_to,0.47132954
T1590.001,AC-04(02),related_to,0.45720845
T1518,RA-05(04),related_to,0.40763143
T1055.005,SA-08(26),related_to,0.40235746
T1622,SI-20,related_to,0.43063772
T1547.007,AC-02(06),related_to,0.45316392
T1052,SC-07(10),related_to,0.7065902
T1574.002,AC-06(08),related_to,0.42033756
T1216.002,SI-07(17),related_to,0.40752965
T1588.003,SC-12(04),related_to,0.40411443
T1126,SC-10,related_to,0.5205206
T1548.006,MA-03(05),related_to,0.47184372
T1055.008,MA-03(05),related_to,0.48343852
T1653,CM-06,related_to,0.49658957
T1021.001,AU-14(03),related_to,0.45532426
T1055.015,RA-02,related_to,0.5002583
T1665,SC-30(05),related_to,0.45250294
T1484,CP-09(04),related_to,0.44442835
T1596.005,RA-05,related_to,0.5536469
T1564.001,SC-30,related_to,0.41071448
T1591.001,CM-12,related_to,0.46597695
T1137.002,SA-17(06),related_to,0.4290163
T1587,SI-08(03),related_to,0.4399688
T1173,AC-04(03),related_to,0.45000657
T1204.001,SC-35,related_to,0.46150935
T1550.001,AC-03,related_to,0.46375814
T1569.002,SA-09(05),related_to,0.4647233
T1078.004,AC-06(05),related_to,0.4862272
T1480.001,SC-12,related_to,0.40798616
T1008,SA-08(18),related_to,0.47747773
T1680,MP-04,related_to,0.4624604
T1564.004,AC-16,related_to,0.48134616
T1558.003,IA-02(01),related_to,0.41982785
T1096,AC-16,related_to,0.47952998
T1003.006,IA-05(10),related_to,0.43246913
T1124,SC-45,related_to,0.49247724
T1053.002,MA-03(05),related_to,0.5476545
T1035,SA-09(05),related_to,0.4822974
T1055.001,AC-02(06),related_to,0.44862542
T1588.005,SC-31(01),related_to,0.46123716
T1556,PM-10,related_to,0.58798367
T1546.017,PE-02,related_to,0.4066408
T1056.004,IA-05(10),related_to,0.51549906
T1495,SI-07,related_to,0.655907
T1490,CP-10,related_to,0.60691154
T1546.007,AC-06(03),related_to,0.41514134
T1566.003,IA-09,related_to,0.4204088
T1090.001,SC-07(08),related_to,0.44635296
T1216,CM-03(05),related_to,0.44445065
T1094,SC-07(17),related_to,0.47571686
T1001.001,AC-04(25),related_to,0.48862323
T1043,SA-04(09),related_to,0.5291103
T1552.007,CA-06,related_to,0.40274435
T1584.001,AC-04(02),related_to,0.6026529
T1505.001,SA-08(29),related_to,0.4289794
T1556.004,IA-03(02),related_to,0.5207368
T1561.001,AC-07(02),related_to,0.46152568
T1048.003,SC-07(10),related_to,0.56636715
T1027.015,SI-03,related_to,0.42147693
T1574.004,AT-02(05),related_to,0.41060564
T1601.002,MP-08,related_to,0.46567395
T1078.003,IA-02(03),related_to,0.6183565
T1669,AC-18,related_to,0.50629
T1211,SC-31(01),related_to,0.47498587
T1127,CM-07(07),related_to,0.4733057
T1529,AU-05(04),related_to,0.45188
T1564.010,SC-16(02),related_to,0.44967046
T1574.012,AT-02(05),related_to,0.42995048
